,Hütten-Name,Hütte-ID,Hut warden(s),Hut phone number,Total sleeping places,Height above sea level,Coordinates
0,"Blüemlisalphütte SAC, SAC Sektion Blümlisalp",1, Hildi und Hans Hostettler, +41 (0) 33 676 14 37, 117, 2840 m, 625.565 / 151.040
1,"Glecksteinhütte SAC, SAC Burgdorf",2, Sarah & Christoph Sager, +41 (0) 33 853 11 40, 88, 2317 m, 650.400 / 163.979
2,"Capanna da l'Albigna CAS, SAC Hoher Rohn",3, Annamaria Crameri + Martin Ruggli, +41 (0) 81 822 14 05, 85, 2336 m, 770.675 / 133.375
3,"Kesch-Hütte SAC, SAC Davos",4," Ursula Schweizer, Balthasar Dinkelacker", +41 (0) 81 407 11 34, 92, 2625 m, 786.561 / 168.870
4,"Lidernenhütte SAC, SAC Mythen",5, Eliane Schiess & Christian Affolter, +41 41 820 29 70, 87, 1727 m, 695.500 / 199.000
5,"Monte Rosa Hütte SAC, SAC Monte Rosa",6, Kilian Emmenegger / Richard Lehner, +41 (0)27 967 21 15, 120, 2883 m, 629.146/089.553
6,"Capanna Basòdino (Robiei) CAS, CAS Locarno",8, Hütte nicht bewartet vom 19.10.2021! Winterräume immer offen! Ab 04.06.2022 sind wir wieder für sie da! Senza guardiani dal 19.10.2021! Locali invernali aperti. Ci saremo di nuovo dal 04.06.2022!!, +41917532797, 29, 1856 m," 682.650 / 143.700 (CH1903/LV03), 8.514129 / 46.439542 (WGS84)"
7,"Britanniahütte SAC, CAS Genevoise",9, Dario Andenmatten, +41 (0) 27 957 22 88, 101, 3030 m, 638.420 / 101.070
8,"Cabane des Dix CAS, CAS Monte Rosa",10, Daniel Egg, +41 (0) 27 281 15 23, 90, 2928 m, 598.380 / 095.500
9,"Doldenhornhütte SAC, SAC Emmental",11, Heidi & Fritz Wenger, +41 (0) 33 675 16 60, 38, 1915 m, 619.870 / 148.430
10,"Konkordiahütte SAC, SAC Grindelwald",12, Rebecca Gresch & Stefan Gafner, +41 (0) 33 855 13 94, 155, 2850 m, 647.179 / 150.079
11,"Leglerhütte SAC, SAC Tödi",13, Landolt Simone, +41 (0) 55 640 81 77, 60, 2273 m, 725.010 / 198.670
12,"Mutthornhütte SAC, SAC Weissenstein",14, Erika und Toni Brunner, +41 (0)33 853 13 44, 100, 2901 m, 630.058 / 148.406
13,"Oberaarjochhütte SAC, SAC Biel",15, Giano Guarinoni, +41 (0) 33 973 13 82, 40, 3258 m, 656.360 / 153.010
14,"Terrihütte SAC, SAC Piz Terri",16, Doris und Toni Trummer-Tomaschett, +41 (0) 81 943 12 05, 110, 2170 m, 719.930 / 166.010
15,"Geltenhütte SAC, SAC Oldenhorn",17," Susanne Brand, Helen Weber", +41 33 765 32 20, 12 im Winterraum, 2002 m, 592.340 / 135.360
16,"Capanna del Forno CAS, SAC Rorschach",18, Alena und Beat Kühnis, +41 (0)81 824 31 82, 75, 2574 m, 774.840 / 133.690
17,"Fründenhütte SAC, SAC Altels",19, Stefanie Bieri, +41797113508, 58, 2562 m, 623.275 / 148.090
18,"Capanna Cristallina CAS, CAS Ticino",20, Emanuele Vellati, +41 91 869 23 30, 110, 2575 m, 683.550 / 147.300
19,"Badushütte, SAC Manegg",21, Olaf Stähli / Alessandro Barbon, +41 (0)32 512 83 84, 8, 2503 m, 694.160 / 165.770
20,"Cabane des Diablerets CAS, CAS Jaman",22," Jean Mamin, intendant", +41 (0)24 492 21 02, 38, 2485 m, 582.810 / 131.950
21,"Bächlitalhütte SAC, SAC Am Albis",23, Esther & Beni Bitschnau, +41 33 973 11 14, 75, 2328 m, 664.688 / 159.878
22,"Hohganthütte, SAC Emmental",24, Markus Thommen, +41 (0)76 408 54 50, 24, 1805 m, 635.700 / 181.380
23,"Chamanna d'Es-cha CAS, SAC Bernina",25," Schwab Nicola, Ulmann Silvana Passiun da Muntagna Pontresina GMBH Via da Mulin 26 7504 Pontresina", +41 (0)81 854 17 55," Winter 40, Sommer 50", 2594 m, 788.750 / 165.200
24,"Camona da Maighels CAS, SAC Piz Terri",26, Nora Honegger und Mauro Loretz, +41 (0)81 949 15 51, 83, 2310 m, 695.840 / 164.550
25,"Gaulihütte SAC, SAC Bern",27, Katrin Bicker & Roger Bläuenstein, +41 (0)33 971 31 66," 65 davon 50 online buchen, übrige unter info@gaulihuette.ch od. telefonisch", 2205 m, 659.580 / 163.910
26,"Zwinglipasshütte, SAC Toggenburg",30, Egli Hans, +41 (0)71 999 24 36, 35, 1999 m, 746.700 / 233.170
27,"Dossenhütte SAC, SAC Oberaargau",31, David Zweifel, +41 (0)33 971 44 94, 40, 2663 m, 655'939 / 167'367
28,"Hundsteinhütte SAC, SAC Säntis",32, Peter Ehrbar, +41 (0)71 799 15 81, 42, 1554 m, 750.140 / 235.660
29,"Chamonna Tuoi CAS, SAC Engiadina Bassa",33, Christian Wittwer, +41 (0)81 862 23 22, 74, 2250 m, 805.492 / 190.129
30,"Capanna Cadlimo CAS, SAC Uto",34, Tschümperlin Heinz Stv. Schläpfer Christine, +41 (0)91 869 18 33, 72, 2570 m, 696.330 / 158.580
31,"Capanna Campo Tencia CAS, CAS Ticino",36, Franco Demarchi 079 445 20 28, +41 (0)91 867 15 44, 50, 2140 m, 699.440 / 144.470
32,"Brunnihütte SAC, SAC Engelberg",37, Evelien Schön Natel Nr. 079 793 05 47, +41 (0)41 637 37 32, 42, 1860 m, 674.140 / 188.210
33,"Capanna Sasc Furä CAS, CAS Bregaglia",38, Daniela Rota, +41 (0) 81 822 12 52, 36, 1904 m, 765.110 / 131.580
34,"Glattalphütte SAC, SAC Mythen",39, Franziska Gwerder, +41 (0)41 830 19 39, 51, 1896 m, 709.410 / 197.200
35,"Rugghubelhütte SAC, SAC Titlis",41, Menon Chrigel, +41 79 370 53 75, 85, 2290 m, 679'065 / 189'421
36,"Capanna Adula CAS, CAS Ticino",42, Berry Stefanelli, +41 (0)91 872 15 32, 20 in dormitorio e 4 in camera doppia, 2012 m, 719'530 / 150'940
37,"Gspaltenhornhütte SAC, SAC Bern",44, Michael Zbären & Marianne Eberhardt, +41 (0) 33 676 16 29, 60, 2455 m, 2'628'518.938 / 1'151'333.890
38,"Windgällenhütte AACZ, AACZ",45, Annina und Wisi Arnold-Vetter, +41 (0)41 885 10 88, 60, 2032 m, 700.560 / 182.950
39,"Carschinahütte SAC, SAC Rätia",46, Kim Sieber & Sonja Lütolf, +41 (0)79 418 22 80, 80, 2236 m, 781.620 / 208.980
40,"Oberaletschhütte SAC, CAS Chasseral",47, Irene Aeberhard, +41 (0) 27 927 17 67, 58, 2640 m, 640.944 / 141.567
41,"Capanna Bovarina, UTOE Bellinzona",49, Riccardo Foti 076.302.60.30, +41 (0)91 872 15 29, 30, 1870 m, 711.250 / 157.600
42,"Chamanna Cluozza, Schweizerischer Nationalpark",50, Nicole & Artur Naue, 081 856 12 35, 61, 1882 m, 2804995 / 1171461
43,Berghaus Männdlenen,52, Robert Reichen, +41 (0) 33 853 44 64, 28, 2344 m, 640'570 / 168'770
44,"Igloo des Pantalons Blancs, CAS Sion",53, Jean-Marc Dayer jemada@netplus.ch, +41 (0) 78 609 42 00, 15, 3285 m, 594.560 / 098.780
45,"Chelenalphütte SAC, SAC Aarau",55, Remo & Petra Gisler, +41 (0)41 885 19 30, 42, 2350 m, 676'630 / 169'430
46,"Spitzsteinhaus, DAV Sektion Bergfreunde München",57, Tobias Bachmann, +43 5373 8330, 28 Betten in 8 Zimmern und 25 Lager in 3 Räumen, 1.252 m," N 47° 42' 16"" , E 12° 14' 36"""
47,"Neue Prager Hütte, DAV Bundesverband",58, Wilfried Studer, 0043 664 6304186, 84, 2796 m, Längengrad
48,"Glungezerhütte, Alpenverein Hall in Tirol",62, Koller Bernhard, +43/5223/78018, 50, 2610 m, UTM Y(Nord) 5.231.585 / UTM X (Ost) 691.353
49,"Ascher Hütte, DAV Sektion Pfaffenhofen-Asch",63, Daniel Schütz +436507230506, +43 676 6168016, 22, 2256 m," lat=""47.065833"" lon=""10.504717"""
50,"La Borbuintze, CAS Diablerets",64, Julien Grand, +41 (0) 79 701 81 00, 33, 1333 m, 563.370 / 151.060
51,"Wildstrubelhütte SAC, SAC Wildhorn-Kaiseregg",65, Maxi Weiner & Konrad Rösti, +41 33 744 33 39, 68, 2789 m, 602.270 / 136.800
52,"Cabane Barraud, CAS Diablerets",67," Jean Raymond, Préposé Alain Détraz, Adjoint", +41 (0) 79 843 03 80, 32, 1956 m, 2 578 760 / 1 125 910
53,"Chalet Lacombe, CAS Diablerets",68, Karine Vernez Thomas, +41 (0) 79 566 04 83, 22, 1653 m, 569'582/137'530
54,"Rotstockhütte, Skiclub Stechelberg",69, Simon Furrer, +41 (0)33 855 24 64, 43, 2039 m, 630650 / 154949
55,"Bettelwurf Hütte, Alpenverein Innsbruck",72, Christine Art und Ralf Kress, +43 5223 533 53;, 62, 2077 m," 47° 20,323' / 11° 30,436'"
56,"Höllentalangerhütte, DAV Sektion München",73, Pächterfamilie Auer, +49 8821 9438548, 108, 1387m," N 47°26'17'', E 11°1'29''"
57,"Schesaplana Hütte, SAC Pfannenstiel",75, Dal Ponte Hanspeter u. Petra, +41 (0) 81 325 11 63, 40, 1908 m, 770.590 / 212.770
58,"Refuge des Petoudes, CAS Diablerets",76, Préposé , Pas de téléphone, 9, 2169 m, 566.860 / 96.570
59,"Mönchsjochhütte, Genossenschaft Mönchsjochhütte",77, Yann Roulet - 3801 Jungfraujoch, +41 (0)33 971 34 72, 127, 3657 m, 643.500 / 156.100
60,"Chamonna Lischana CAS, CAS Engiadina Bassa",78, Hofer Ursula Telefon, +41 81 864 95 44, 42, 2500 m, 821160 / 183460
61,"Klostertaler Umwelthütte, DAV Bundesverband",79, Bundesgeschäftsstelle DAV München - Telefonische Geschäftszeiten Mo-Do 9 bis 16 Uhr und Fr 9-12 Uhr, +49 89 1400341, 15 Plätze im Matratzenlager, 2362 m, 5192513 / 581238
62,"Silvrettahütte SAC, SAC St.Gallen",80, Marco Brot, +41 (0)81 422 13 06, 69, 2341 m, 798460 / 192540
63,"Blaueishütte, DAV Sektion Berchtesgaden",81, Fam. Hang, +49 8657 271, 80, 1680 m, N 47°35.221` O 12°52.168`
64,"Hallerangerhaus, DAV Sektion Schwaben",82, Thomas Lehner, 0043720347028, 73, 1768 m, N 5.247.560 UTM O 32.687.070
65,"Fritz-Putz Hütte, DAV Sektion Füssen",83, Unser Hüttenteam, 0049 8362 507187, 39 Plätze, 1180 m," 47° 32‘ 16“ Nord, 10° 46‘ 24“ Ost"
66,"Staufner Haus, DAV Sektion Oberstaufen-Lindenberg",85, Lukas & Katka Zeman, 08386-8255, 77, 1634 m, 47.509660 N / 10.057730 E
67,"Frassenhütte, Alpenverein Vorarlberg",86, Gudrun Schimpfössl & Tenjing Sherpa, +43 664 1412437, 50, 1.725 m, UTM Y (Nord) 5.226.593 / UTM X (Ost) 562.697
68,"Karwendelhaus, DAV Sektion Männer Turnverein München",87, Brigitte und Andreas Ruech, +43 720 983554, 140, 1765 m," 472537,112518"
69,"Sarotlahütte, Alpenverein Vorarlberg",88, Fabian Beck & Isabel Pöschl, +43 650 2881290, 46, 1.611 m, UTM Y (Nord) 5.217.016 UTM X (Ost) 559.681
70,"Heinrich-Hueter-Hütte, Alpenverein Vorarlberg",89, Simon und Iris Bock, 0043 5556 76570, 80, 1.766 m, UTM Y (Nord) 5.214.228 / UTM X (Ost) 559.507
71,"Tilisunahütte, Alpenverein Vorarlberg",91, Markus Jankowitsch, +43 664 1472896, 120, 2.211 m, UTM Y (Nord) 5.208.277 / UTM X (Ost) 566.312
72,"Totalphütte, Alpenverein Vorarlberg",92, Christian Beck, 0043 664 2400260, 83, 2.385 m, UTM Y (Nord) 5.211.275 / UTM X (Ost) 555.220
73,"Kaltenberghütte, DAV Sektion Reutlingen",95, Markus Kegele - Hüttenwirt Öffnungszeiten voraussichtlich ab 25.06.2022. Winterlagernutzung - Fragen hierzu an die Sektion, +43 (0)664 9280636, 70, 2.089 m, 47° 7? 9? N 10° 8? 34? E
74,"Neue Reutlinger Hütte, DAV Sektion Reutlingen",96, Hüttenwart, +49 (0)7121-330940, 12, 2395 m, Längengrad
75,"Freiburgerhütte, DAV Sektion Freiburg",97, Kathi & Flo Mittermayr, +436641745042, 119, 1918 m," N 47° 09' 46"" / E 09° 59' 26"""
76,"Bergheim Au, DAV Sektion Überlingen",99, Corinna Höhn, 0049 171 63 55 64 0, 67, 824 m, 47.318 / 9.963
77,"Gaudeamushütte, DAV Sektion Main-Spessart",100," Euer Friedl Warolly AV-Schutzhütte DAV Sektion Main-Spessart Stornierung nur über den Bestätigungslink im Reservierungssystem! Corona-Pandemie bitte prüft die aktuellen Auflagen vor Anreise, danke.", +43 53582262, 62, 1.263 m, 47.549167 N 12.324450 E
78,"Saupsdorfer Hütte, DAV Sektion Sächischer Bergsteigerbund",101, Familie Röllig, +49 (0) 35974 55848, 44, 285 m, 50.927783 N 14.335000 E
79,"Rotwandhaus, DAV Sektion Turner Alpenkränzchen",104, Peter Weihrer Rotwandhaus Spitzingsee 3 83727 Schliersee, 0049 8026 - 3959880, 60, 1737 m," 47° 38′ 46″ N, 11° 56′ 5″ O"
80,"Berliner Hütte, DAV Sektion Berlin",105, Maike Köck & Florian Illmer, +43 664 88 78 70 25, 140, 2042 m," 47°01'28.0""N 11°48'47.0""E"
81,"Goiserer Hütte, ÖAV, Alpenverein Bad Goisern",106, Verwagner Max, 0613521450, 26, 1.592 m, UTM Y (Nord) 5.275.143 / UTM X (Ost) 391.908
82,"Bergsteigerunterkunft Lauschige Ecke, DAV Sektion Berchtesgaden",107, DAV Sektion Berchtesgaden Bergsteigerunterkunft - Selbstversorger, 08652/976 46 10, 14, 600 m, XXX.XXX / YYY.YYY
83,"Zollnersee Hütte, Alpenverein Obergailtal-Lesachtal",109, -, 00436769602209, 32, 1.750 m, UTM Y (Nord) 5.163.170 / UTM X (Ost) 352.225
84,"Geraerhütte, DAV Sektion Landshut",110, Fam. Arthur Lanthaler, +43 676 9610303, 80 + 10 Winterraum, 2324 m," 47°02'36""N 11°37'41""E"
85,"Hofpürglhütte, Alpenverein Linz",111, Heinz Sudra Regina Sudra, 0043 6453 8304, 65, 1.703 m, UTM Y (Nord) 5.259.817 / UTM X (Ost) 388.435
86,"Rüsselsheimer Hütte, DAV Sektion Rüsselsheim",115, Tabea Kirschner, + 43 5413 203 00, 50, 2.323 m, N46 59.633 E010 53.283
87,"Bamberger Hütte, DAV Sektion Bamberg",116, Thomas Pletzer, +43 664 455 94 69, 72, 1.756 m, 47.308889 N 12.150556 E
88,"Mödlinger Hütte, Alpenverein Mödling",117, Irmgard und Heinz Rieger, + 43 3611 21120, 60, 1.523 m, UTM Y (Nord) 5.264.055 / UTM X (Ost) 466.370
89,"Olpererhütte, DAV Sektion Neumarkt i.d.Oberpfalz",119, Daum Katharina Innere Embergstraße 16 6272 Kaltenbach, 0043 664 417 65 66, 72, 2389 m," 47° 02,517' / 11° 41,300'"
90,"Hannoverhaus, DAV Bundesverband",121, Veronika Kapinova und Patrik Husar, +43 478 421 345, 60, 2.565 m," 47° 2? 26? N, 13° 12? 55? O"
91,"Greizer Hütte, DAV Sektion Greiz Sitz Marktredwitz",122, Herbert und Irmi Schneeberger, +43 664 1405003, 82, 2227 m, 11°53'08''/47°02'35''
92,"Lizumerhütte, Alpenverein Hall in Tirol",123, Lukas Aichhorn & Tobias Spechter E-Mail, +43 664 9272117, 84, 2.019 m, UTM Y (Nord) 5.227.076 / UTM X (Ost) 700.123
93,"Nürnberger Hütte, DAV Sektion Nürnberg",124, Martina und Leonhard Siller, 0043-(0)664-1657461, 130, 2297 m ü.N.N., 5206857/668632
94,"Edelweisshütte/Schneeberg, Alpenverein Edelweiß",125, Fam. Schmidt, 0043 2636 3616, 25, 1.235 m, UTM Y (Nord) 5.293.487 / UTM X (Ost) 561.047
95,"Meraner Hütte, AVS Meran",126, Anna Pafkovics & Heinz Bertolini, +39 0473 279 405, 65, 1960 m," N 46 40 59,800, E 11 16 54,972"
96,"Reintalangerhütte, DAV Sektion München",128, Andy & Julia Kiechle, +49 (0)160 97503090, 120, 1370 m," GPS N47° 24' 19,1'' , E11° 2' 8,4''"
97,"Neue Magdeburger Hütte, DAV Sektion Geltendorf",129, Familie Isser, 0043 523888790, 74, 1633 m," 47.288944, 11.296524"
98,"Dessauer Hütte, DAV Sektion Bergfreunde Anhalt Dessau",131," Selbstversorgerhütte
Onlinereservierung nur bis 18 Uhr, 2 Tage vor Anreise möglich!
Bitte gegebenenfalls auf die Hinweise achten! (Glocken-Symbol)", kein Hüttentelefon!, 30, 281 m," 50.8973335,14.1357629"
99,"Clarahütte, DAV Sektion Essen",132, Wir freuen uns auf Euch! Karin und Juraj +421 902 287 273 (außerhalb der Saison) www.virgental.at/clarahuette, +43 664 9758893, 40, 2038 m," 47,016/12,246"
100,"Essener und Rostocker Hütte, DAV Sektion Essen",133, Thomas LUDWIG Maurertal 1 - 9974 Prägraten am Großvenediger http, +43 4877 5101, 106, 2208 m, 47.03.18 12.17.53
101,"Capanna Scaletta, SAT Sezione Lucomagno",135, Pagani Ilaria 0799436862, +41 (0)91 872 26 28, 52, 2205 m, 715.060 / 162.920
102,"Oberlandhütte, DAV Sektion Oberland",138, Max und Jacky, +4353578113, 60, 1014 m," 47°22'46,5'' / 12°18'27''"
103,"Lenggrieser Hütte, DAV Sektion Lenggries",139, Michaela u.Florian Durach, 08042 5633096, 48, 1338m," 47° 39? 7? N, 11° 37? 52? O"
104,"Memminger Hütte, DAV Sektion Memmingen",140, Schindler Jarek, +43 (0) 676-7460208, 148, 2242," 47° 12? 1? N , 10° 28? 42? O"
105,"Peter-Wiechenthaler-Hütte, Alpenverein Saalfelden",141, Christiane und Philipp Feller, +43 664 9544822, 50, 1.752 m, UTM Y (Nord) 5.258.879 / UTM X (Ost) 339.877
106,"Hinteralmhaus, Alpenverein Edelweiss",142, Selbstversorger Hütte, 01 5138500, 10, 1442 m, UTM Nord 5.285.535 / Ost 538.675
107,"Bremer Hütte, DAV Sektion Bremen",143, Stefanie Höllrigl, +43 664 3047360, 83 (davon 10 im Winterraum), 2.413 m," N46°59'42,847'' / O11°15'47,59''"
108,"Ingolstädter Haus, DAV Sektion Ingolstadt",144, Michael Millinger, 0043 65828353, 98, 2119 m, N47° 30.101 E12° 53.225
109,"Riemannhaus, DAV Sektion Ingolstadt",145, Hannah-Sophie Strobel +49 177 4007904, 0043 658273300, 80, 2.177, N47° 27.472 E12° 54.882
110,"Gufferthütte, DAV Sektion Kaufering",148, Kathleen Beutmann, +43 676 62 92 404, 68, 1475 m, 473.454/114.758
111,"Knorrhütte, DAV Sektion München",149, Reichhold Christof und Maria, +49 /(0)1511-4443496, 112, 2051m," N 47°24'35.9'', E 11°0'45.1''"
112,"Münchner Haus, DAV Sektion München",150, Familie Barth, +49 /(0)8821 - 2901, 10, 2959 m," N 47°25'15.4'', E 10°59'5.7''"
113,"Watzmannhaus, DAV Sektion München",151, Bruno und Anette Verst, +49 /(0) 8652-964222, 200 - In 2020 wg Corona Pandemie max 100, 1930 m," N 47°34'16.5'', E 12°46'2.4''"
114,"Heinrich-Schwaiger-Haus, DAV Sektion München",152, Carol Freisleben, 0043 664 6565555, 72, 2802 m, 47.162783 / 12.738883
115,"Gruttenhütte, DAV Sektion Turner Alpenkränzchen",154, DAV Sektion TAK e.V., 0049 89 4485357, 103, 1620 m, 473.312 / 121.839
116,"Bordierhütte SAC, CAS Genevoise",156, Nathalie Werlen, +41 27 956 19 09, 44, 2886 m, 631770 / 110420
117,"Chamanna Jenatsch CAS, SAC Bernina",157, Jill Lucas und Daniel Sidler Versamerstrasse 56A 7402 Bonaduz, 081 833 29 29, 73, 2652 m, 775350 / 155660
118,"Salmhütte, Alpenverein Wien",159, Helga Pratl, +43 4824 2089, 50, 2.644 m, UTM Y (Nord) 5.212.908 UTM X (Ost) 326.866
119,"Muttekopfhütte, Alpenverein Imst Oberland",160, Patrick Zangerl, +43 6641236928, 53, 1.934 m, UTM Y (Nord) 5235701 / UTM X (Ost) 626310
120,"Berglihütte SAC, SAC Grindelwald",161, Hüttenwart, +41 79 355 12 60, 20, 3299 m, 644610 / 157440
121,"Neue Bonner Hütte, DAV Sektion Bonn",162, Andreas und Anschi König, +43 664 949 24 46, 29, 1712 m," 13°40’47’’, 47°02’13’’"
122,"Tölzer Hütte am Schafreuter, DAV Sektion Tölz",163, Mathias Petter, +43(0)699 10299302, 69, 1825 m, 47.504167 N /11.492778 E
123,"Wildhornhütte SAC, SAC Moléson",164, Monika & David Schmid, +41 (0) 33 733 23 82, 78, 2303 m, 596100 / 136430
124,"Cufercalhütte SAC, SAC Rätia",165, Reto & Anna Heinz, +41 (0)79 954 65 71, 23, 2385 m, 747150 / 162030
125,"Topalihütte SAC, SAC Monte Rosa",166, Georg Deck + Tina van der Zee, +41 27 956 21 72, 32, 2674 m, 624980 / 111760
126,"Capanna Monte Bar, CAS Ticino",168, Serge e James, 091 966 33 22, 42, 1602 m, 721.800 /106.610
127,"Gamshütte, DAV Sektion Otterfing",169, Corina, +436644282969, 38, 1921," 47°7'47""N / 11°47'45""O"
128,"Friesenberghaus, DAV Sektion Berlin",170, -Florian Schranz und Susanne Albertini, 00436767497550, 60, 2.498 m, XXX.XXX / YYY.YYY
129,"Riffelseehütte, DAV Sektion Frankfurt",171, Anita und Christian Waibl, +43 6643950062, 45, 2293 m, Längengrad
130,"Bad Kissinger Hütte, DAV Sektion Bad Kissingen",174, Sabine Wirth, 0043 676 3731166, 47, 1.788 m, 47.32067 N 10.33767 E
131,"Calandahütte SAC, SAC Rätia",176, Monika & Beat Gansner Talblick 2 7212 Seewis Dorf, +41 79 363 53 80, 30, 2073 m, 755750 / 194460
132,"Kampthalerhütte, Alpenverein Edelweiß",177, Selbstversorger Hütte, 015138500, 7 Notschlafplätze mit Schlafsack und Unterliegematte am Fußboden, 313 m, UTM Nord 5.331.795 / Ost 589.040
133,"Kasseler Hütte, DAV Sektion Kassel",178, Lukas Decker & Anna Stang, +436644016033, 95, 2.177 m," N 47°3'33'', E 11°56'54''"
134,"Pfeishütte, Alpenverein Innsbruck",179, Pächter, +43 512 552906, 60, 1.922 m, UTM Y (Nord) 5244697 / UTM X (Ost) 683255
135,"Furtschaglhaus, DAV Sektion Berlin",180, Herr Daniel Weber, +43 6818 4218751, 65, 2.295 m, 47° 0 4 N / 11° 44 50 O
136,"Brandenburger Haus, DAV Sektion Berlin",181, Katerina Kalinova und Petr Kalina, +43 720 920 308, 84 inkl. Notlager, 3277 m, 46.844450 N 10.778050 E
137,"Chamonas d'Ela CAS, SAC Sektion Davos",182, Huber Arthur, 078 878 98 41, 22, 2252 m, 772493 / 165597
138,"Göppinger Hütte, DAV Sektion Hohenstaufen",183, Schwaiger Veronika & Stefan, 0043 5583 3540, 70, 2245m, 47.214717N/10.045833E
139,"Porzehütte, Alpenverein Austria",185, Peter Auer, 00436643256452, 66, 1.942 m, UTM Y (Nord) 5.170.190 / UTM X (Ost) 315.034
140,"Südwiener Hütte, Alpenverein Gebirgsverein",186, Tanja Scharler, 0043664-3436342, 58, 1802 m," 14° 14,774´ / 13° 27,961"
141,"Schwarzwasserhütte, DAV Sektion Schwaben",189, Tine und Dominik Müller, 0043551730210, 75 mit Corona Auflagen weniger..., 1621m, 47.331111 N 10.086944 E
142,"Sudetendeutsche Hütte, DAV Sektion Schwaben",190, Wolfgang Kräh, +43 (0) 720 347802," 37 Hütte, + 12 Winterraum", 2.650m," N 47° 02' 57,5'' / E 12° 34' 34,7''"
143,"Stuttgarter Hütte, DAV Sektion Schwaben",192, Ang kami Lama, +43 6767580250, 50, 2310 m," 47° 10? 49? N , 10° 12? 17? O"
144,"Kärlingerhaus, DAV Sektion Berchtesgaden",195, In der Sommersaison 2022 wir auf dem Kärlingerhaus A. Bachmann aus dem Salzburgerland Euer Gastgeber sein., +49 (0)8652-6091010, 160, 1631 m, 47.495556 N / 12.937222 E
145,"Grubenberghütte, SAC Oldenhorn",196," Deborah Reber, Hüttenverantwortliche", +41 79 642 79 96, 23, 1840 m, 585.680/155.350
146,"Capanna Corno-Gries CAS, SAC Rossberg",197, Thomas Bärlocher, 091 869 11 29, 46, 2338 m, 674610 / 146650
147,"Capanna d'Alzasca CAS, CAS Locarno",198, CAS Locarno, 091 753 25 15, 20, 1734 m, 688700 / 125080
148,"Straubinger Haus, DAV Sektion Straubing",200, Lukas Kirschner und Angelina Gabl Tel, +43 5375 6429, 60, 1551 m, 47.620278N/12.499444E
149,"Bayreuther Hütte, DAV Sektion Bayreuth",201, -Anton Herrmann-, -00436643425103-, 60, 1576 m, 47.444722 / 11820833
150,"Nördlinger Hütte, DAV Sektion Nördlingen",202, Tobias Müller, 00436649142262, 45, 2238 m, 320.047 / 236.781
151,"Karl-von-Edel-Hütte, DAV Sektion Würzburg",203, Gabi und Siggi Schneeberger, +43(0)664-915-4851, 28 Betten 52 Matratzenlager, 2238 m, Geogr.
152,"Schreckhornhütte SAC, SAC Basel",204, Urban Hüsler, 033 855 10 25, 65, 2530 m, 650600 / 159150
153,"Rastkogelhütte, DAV Sektion Oberkochen",205, Kathleen Dammann, +43 680 22 57 124, 73, 2.124 m, 47° 13′ 55″ N / 11° 47′ 18″ O
154,"Brochhütte, SAC Oberhasli",206, Berchtold Bernhard, 079 259 02 06, 42, 1499 m, 653580 / 170160
155,"Almagellerhütte SAC, SAC Niesen",208, Anthamatten Hugo und Karin, +41 27 957 11 79, 120, 2894 m, 644.000 / 106.400
156,"Weissmieshütten SAC, SAC Olten",209, Carla und Roberto Arnold, 027 957 25 54, 110, 2726 m, 641660 / 110400
157,"Brünnsteinhaus, DAV Sektion Rosenheim",210, Sepp & Yvonne Tremml, +49 8033 1431, 50, 1360 m, UTM
158,"Zellerhütte, Sektion TK Windischgarsten",211, Theresia Panholzer, 0664/4112717, 22, 1.575 m, UTM Y (Nord) 5.280.835 / UTM X (Ost) 441.947
159,"Tutzinger Hütte, DAV Sektion Tutzing",212, Thomas Jauernig Tini Seemüller, +491751641690, 91, 1.327m, 47.657722 N/ 11.462417 E
160,"Windegghütte SAC, SAC Bern",214, Thommen Adrienne, 033 975 11 10, 41, 1887 m, 669.550 / 171.940
161,"Landsberger Hütte, DAV Sektion Landsberg",215, Reinhard Frühholz Landsberger Hütte am Vilsalpsee A 6675 Tannheim, ++43 (0)56756282, 140, 1810 m, 10°30'52 / 47°26'39
162,"Weidener Hütte, DAV Sektion Weiden",216, Jessica Spögler, 0043 66488109940, 56, 1799 m, 047.223 / 011.708
163,"Friedrichshafener Hütte, DAV Sektion Friedrichshafen",217, Wolfram und Hedda Walter Wirl 2 a 6563 Galtür Telefon 0043-676-7908056, 0043-676-7908056, 55, 2138 m, 0592443 / 5205319
164,"Simonyhütte, Alpenverein Austria",219, Christoph Mitterer, +43/680/2196374, 94, 2203m, UTM Y (Nord) 5261738 / UTM X (Ost) 396344
165,"Capanna Motterascio CAS, CAS Ticino",221, Keller Simone, 091 872 16 22, 70, 2172 m, 720060 / 161420
166,"Biberacher Hütte, DAV Sektion Biberach",222, Familie Schöpf-Eberhart, +435519257, 74, 1846 m," 47°15'28.0""N 10°01'43.0""E"
167,"Gleiwitzer Hütte, DAV Sektion Tittmoning",223, Antje Böttcher, +43 (0) 664 9294989, 55, 2176 m, XXX.XXX / YYY.YYY
168,"Wanderheim Kreuzmoos, Private Hütte",224, Angelika Lais & Lothar Dold, 07645-386, 50, 725 m, 48.18936 / 7.97712
169,"Cabane des Vignettes CAS, CAS Monte Rosa",226, Katrien & Alexandre, +41 27 283 13 22, 100, 3160 m, 602870 / 93140
170,"Salbithütte SAC, SAC Lindenberg",227, Walker Richard, 041 885 14 31, 58, 2105 m, 685180 / 170080
171,"Dammahütte SAC, SAC Pilatus",228, Andrin Kamber +41 41 885 17 81 andrin.kamber@bluewin.ch, 041 885 17 81, 20, 2439 m, 678020 / 16646
172,"Muttseehütte SAC, SAC Winterthur",229, Claudia Freitag, 055 643 32 12, 76, 2501 m, 720490 / 190800
173,"Oberetteshütte, AVS Matsch",230, Karin & Edwin Heinisch, +39 0473 830280, 89, 2670 m," N 46 45 53,268, E 10 42 40,300"
174,"Taschachhaus, DAV Sektion München",231, Christoph Eder und Barbara Klingseis, +43/(0)664-1384465, 150, 2434m," 46°54'34.6""N 10°49'03.2""E"
175,"Passauer Hütte, DAV Sektion Passau",232, Michael Faber, +43 680 50 72 624, 46, 2051 m, 47.474167 N / 12.750278 E
176,"Wiesbadener Hütte, DAV Sektion Wiesbaden",234, Emil Widmann, 0043 5558 4233, 180, 2.443 m, XXX.XXX / YYY.YYY
177,"Augsburger Hütte, DAV Sektion Augsburg",235, Christine Denk, +43 664 641 16 43, 59, 2298m, 47.166389 N 10.493611 E
178,"Tübinger Hütte, DAV Sektion Tübingen",236, DAV Tübingen, +4369010115793, 80, 2193," 46° 54' 42'' N, 10° 0' 12'' O"
179,"Neue Thüringer Hütte, Neue Thüringer Hütten Verein (DAV)",237, Andreas Eder, 00436644273214, 82, 2240 m, 47.172778 / 12.383333
180,"Vernagthütte, DAV Sektion Würzburg",238," Angelika und Martin Scheiber Wieshof 2, A-6458 Vent Hütte", +43(0)664-141-2119, 50 Betten 69 Matratzenlager, 2755 m, UTM 32T Ost
181,"Camona da Punteglias CAS, SAC Winterthur",240, Blöchlinger Ruedi & Brigitta, +41 (0)81 943 19 36, 30, 2311 m, 715884 / 181789
182,"Fergenhütte SAC, SAC Prättigau",241, Martina & Beat Michel, 079 848 08 25, 21, 2141 m, 792560 / 193970
183,"Seetalhütte SAC, SAC Prättigau",242, Simona & Andreas Bernet, +41 76 545 82 82, 12, 2065 m, 795950 / 194630
184,"Lobhornhütte, SAC Lauterbrunnen",243, Christine Stalder, +41 79 656 53 20, 24, 1955 m, 632970 / 163110
185,"Spannorthütte SAC, SAC Uto",244, Ott Andy, 041 637 34 80, im Winter 9 (Hütte unbewartet) / Sommer max. 40, 1956 m, 681770 / 183740
186,"Ramozhütte SAC, SAC Arosa",246, Karin Bächinger, 081 356 55 02, 23, 2293 m, 768530 / 177890
187,"Rieder Hütte, Alpenverein Ried im Innkreis",248, Günter Hausjell, +43 6133 93013, 36, 1.765 m, UTM Y 5.295.390 / UTM X 400.873
188,"Ybbstaler Hütte, Alpenverein Austria",253, Inge Wurzer, +43/664/9886801, 50, 1343 m, N 47° 48.455 E 15° 01.504
189,Bifertenhütte AACB,254, Regina Köhle +41 79 568 20 16, +41 81 941 23 36, 23, 2482 m," 2721176, 1186047"
190,"Hütte Hammer, DAV Sektion München",256, Michaela & Tobias Geyer, +49/(0)8028-905386, 16, 750 m," 47°42'13.4""N 11°56'24.6""E"
191,"Hochfeilerhütte, AVS Sterzing",257, Andreas Hernegger, +39 0472 674420, 94, 2715 m," N 46 57 43,776, E 11 42 30,540"
192,"Jonsdorfer Hütte, DAV Sektion Zittau",258, Burkhard Fiebiger, 035844 204878, 22, 452 m, 50.8513 / 14.6952
193,"Voralphütte SAC, SAC Uto",259, Sepp Herger, 041 887 04 20, 40, 2126 m, 2680246 / 1171578
194,"Guttenberghaus, Alpenverein Austria",260, Günter Perhab, +43368781345, 65, 2146 m, 525.6101 / 400.783
195,"Austriahütte, Alpenverein Austria",262, Jeannette Pankratz Christoph Weninger, 06767063836, 59, 1638 m, 5255309 / 395916
196,"Winteregghütte, SAC Biel",263, Urs Vogt +41 79 915 19 16, -, 30, 1897 m, 616225 / 145450
197,"Binntalhütte SAC, SAC Delemont",264, Antoinette Cortat (Binntal Reservation), +41 27 971 47 97, 50, 2267 m, 665.650 / 136.280
198,"Zittauerhütte, Alpenverein Warnsdorf-Krimml",266, Familie Barbara und Hannes Kogler Oberkrimml 109 A - 5743 KRIMML, +43 (0) 6648732205, 67, 2.328 m, UTM (Y) 5227245 / UTM (X) 282029
199,"Wolayerseehütte, Alpenverein Austria",267, Helmut Ortner, +43 720 346141, 64, 1.960 m, UTM Y 5.164.290 / UTM X 336.675
200,"Obstanserseehütte, Alpenverein Austria",268, Heinz Bodner, +4348485422, 60, 2304 m, 46° 41′ 4″ N / 12° 29′ 37″ O
201,"Sewenhütte SAC, SAC Pfannenstiel",269, Gehrig-Gisler Walti und Ursi, +41 (0)41 885 18 72, 60, 2150 m, 2682709 / 1177837
202,"Prinz-Luitpoldhaus, DAV Sektion Allgäu-Immenstadt",270, Christoph und Ulrike Erd, -, 268, 1846 m, 47.392500 N 10.420000 E
203,"Kaunergrathütte, DAV Sektion Mainz",271, Michael Dobler, +43 664 144 0627, 69, 2.817 m," 46.993889, 10.806944"
204,"Millstätter Hütte, Alpenverein Millstatt",273, Edith Widmann, 0043-664-73633439, 24, 1.880 m, UTM Y 5189256 / UTM X 392807
205,"Kröntenhütte SAC, SAC Gotthard",274, Markus+Irene Wyrsch, 041 880 01 22, 80, 1903 m, 2686780 / 1183840
206,"Neue Regensburger Hütte, DAV Sektion Regensburg",275, Familie Martina und Herbert Ofer, 0043-(0)664-2025070, 101, 2286 m," 47,054626N 11,198436E"
207,"Sesvennahütte, AVS Mals, Lana, Untervinschgau",276, Markus Waldner Michaela Abarth, 00390473830234, 45 (Corona bedingt), 2262 m," N 46 44 04,498, E 10 26 07,431"
208,"Cabane de l'A Neuve CAS, CAS Diablerets",277, Martine Gabioud, 027 783 24 24, 20, 2735 m, 2571170/1088650
209,"Cabane du Mountet CAS, CAS Diablerets",278, Perrine Grand, 027 475 14 31, 100, 2886 m, 2616630/1100960
210,"Cabane d'Orny CAS, CAS Diablerets",279, Angeloz Yanik, 027 783 18 87, 60, 2831 m, 2570880/1094550
211,"Cabane Rambert CAS, CAS Diablerets",280, Christelle Beaudet & Pascal Snoeck, +41 27 207 11 22, 38, 2582 m, 2576510/1119910
212,"Cabane du Trient CAS, CAS Diablerets",281, Genet Mélanie et Olivier, 027 783 14 38, 121, 3170 m, 2569400/1094300
213,"Haus Hammer, DAV Sektion München",282, Michaela & Tobias Geyer, +49/(0)8028-905386, 81, 750 m," 47°42'13.4""N 11°56'24.6""E"
214,"Potsdamer Hütte, DAV Sektion Dinkelsbühl",283, Miriam und Markus Wiechert, 0043-720-316585, 40, 2020 m, 32T Ost 0667467?/?Nord 5223421
215,"Schlernbödelehütte, AVS Bozen + Schlern",284, Verena Wolf Federspieler, +39 0471 1885169, 20, 1693 m," N 46 31 19,682, E 11 35 01,694"
216,"Radlseehütte, AVS Brixen",285, Fam. Leitner, +39 0472 855230, 50, 2284 m," N 46 42 28,491, E 11 34 48,406"
217,"Brunnenkopfhäuser, DAV Sektion Bergland",286, Christian Deser, +49/(0)175-6540155, 26, 1602 m, UTM
218,"Soiernhaus, DAV Sektion Hochland",287, Susanne & Klaus Heufelder, +49 171 5465858, 45, 1616m," 47° 29′ 37,6″ N , 11° 20′ 55,1″ O"
219,"Bivouac de l'Envers des Dorées, CAS Dent-de-Lys",288, Gilbert Maillard - intendant, 079 379 61 92, 14, 2983 m, 569.780 / 092.100
220,Chamanna Georgy,290, Simi Egli & Patty Birrer, 0796272016, 20, 3175 m," 46.487882, 9.955766"
221,Capanna Gorda,291, Nadia e Alan Ochsner, +41 79 504 38 46, 28, 1800 m, 713.010 / 150.690
222,"Kürsingerhütte, Alpenverein Salzburg",292, Siegfried Karl, +43 720 920 444, 140, 2558 m, UTM Nord 5222340 / UTM Ost 295202
223,"Carl-von-Stahl-Haus, Alpenverein Salzburg",293, Peter Pruckner, +49 8652 6559922, 102, 1736hm," 47.574750, 13.042617"
224,"Dr.Heinrich-Hackel-Hütte, Alpenverein Salzburg",294, Peter und Ileana Brandauer, 06643429114, 23, 1.550m, 47.484067 / 13.290367
225,"Zeppezauerhaus, Alpenverein Salzburg",295, Uschi Klumaier-Wiebecke & Anton Langer, +43 (0)662 629862, 36, 1.663," N47° 43,470' / E13° 00,433'"
226,"Lindauer Hütte, DAV Sektion Lindau",297, Manfred Sprung, 0043 664 50 33 456, 164, 1744 m," 47° 2′ 4″ N, 9° 50′ 8″ O"
227,"Württembergerhaus, DAV Sektion Stuttgart",298, Walch Andrea, +43676 3975189, 50, 2220m, XXX.XXX / YYY.YYY
228,"Oberwalderhütte, Alpenverein Austria",300, Bernd Fürhapter, +43 660 1308530, 110, 2.973 m, UTM Y 5219394 / UTM X 326667
229,"Alpenrose-Hütte Zillertal, Privat",303, -, 06641670391, 80, 1878m, 4705580/1148320
230,"Staldenmaadhütte, SAC Kirchberg",304, Peter Baumberger, 079 607 10 77, 38, 1120 m, 604.670 / 160.530
231,"Tierberglihütte SAC, SAC Baselland",305, Toni Flühmann Nina Reinschmidt, 033 971 27 82, 72, 2795 m, 674'600 / 172'768
232,"Hesshütte, Alpenverein Austria",306, Kazimiera Kozik, +43361121109, 125, 1.699 m, UTM Y
233,"Vorderkaiserfeldenhütte, DAV Sektion Oberland",307, -Helmut und Sabine Kuen, -0043/5372/63482, 54, 1389 m," 47° 36? 21? N, 12° 14? 21? O"
234,"Schönbielhütte SAC, SAC Monte Rosa",308, Yolanda + Fredy Biner-Perren, 027 967 13 54, 75, 2694 m, 614.750 / 094.510
235,"Saarbrücker Hütte, DAV Sektion Saarbrücken",309, Stefan Schöpf, 0043/6508301434, 79, 2538, XXX.XXX / YYY.YYY
236,"Dreischusterhütte, AVS Drei Zinnen",310, Alfred Innerkofler, +39 0474 966610, 47, 1639 m," N 46 40 28,333 E 12 17 50,087"
237,"Cabane du Mont d’Or, CAS Vallorbe",311, Stéphane Gueissaz, +41 78/600.58.85, 20, 1377 m, 2.517.581 / 1.175.185
238,"Gruebenhütte AACBs, AACBs",312, Severin Karrer, 079 280 79 63, 16, 2512 m, 662'874.20 / 161'958.28
239,Murgseehütte,314, Franz und Claudia Preis, +41 81 511 03 63, 42, 1818 m, 730'609.26 / 211'220.27
240,"Fraganter Schutzhaus, Alpenverein Klagenfurt",316, Bianca Tiefnig, +43 (0) 4785 396, 96, 1.810 m," 46° 57? 4? N, 13° 1? 41? O"
241,"Franz Fischer Hütte, Alpenverein Lungau",317, Evelyn Faber & Tom Burger, 0043 664 7957960, 34, 2020 m," 47° 11′ 55″ N, 13° 21′ 52″ O"
242,"Vermigel, SAC Zofingen",318, Hüttenteam, 041 887 17 73, 34, 2042 m, 693 440 / 161 090
243,"Niedersachsenhaus, DAV Sektion Hannover",319, Sieglinde Rieser & Josef Langreiter, +43 664 88 192 505, 60, 2.471 m," 47.060278,13.010278"
244,"Innsbrucker Hütte, Alpenverein TK Innsbruck",320, Familie Marlene & Franz Egger, 0043 5276 295, 110, 2.369 m, 47.043137 / 11.310835
245,"Erfurter Hütte, DAV Sektion Ettlingen",323, Raimund Pranger, +4352435517, 83, 1834 m," 47° 26? 30? N, 11° 45? 47? O"
246,"Traunsteiner Skihütte/ Winklmoosalm, DAV Sektion Traunstein",324, Marko Achilles, 08640 8140, 29, 1160 m, 47.6589879/12.585707036147
247,"Sunnehüsi, SAC Blümlisalp",326, Franziska Baier, +41 78 810 60 16, 18, 1125 m, 600575 / 165745
248,"Schneibsteinhaus, DAV Sektion Berchtesgaden",327, Stefan & Bernadette Lienbacher, +49 (0) 8652 - 2596, 66, 1.670 m, N 47.572147 E 13.039249
249,"Hochweißsteinhaus, Alpenverein Austria",328, Marian Guggenberger, +43 676 746 2886, 50, 1.868 m, 5167964 327067 33T WGS 84
250,"Clubhaus Metsch, SAC Huttwil",330, Armin Leuenberger Bäreggstrasse 29 4900 Langenthal, +41 79 632 93 53, 16, 1775 m, 613.262 / 150.819
251,"Medelserhütte SAC, SAC Uto",332, Jochen Schirmann und Verena Kuhle, +41 81 949 14 03, 51 (im Winter reduziert, 2524 m, 712'940 / 166'540
252,"Cabane du Fenestral, Ski Club Chavalard",333, gardiens bénévoles / responsable, 027 746 28 00, 34, 2453 m, 573'910 / 115'330
253,"Rothornhütte SAC, SAC Oberaargau",334, Brielmaier Daniela, +41 79 132 12 05, 68 (+12 Winterraum), 3198 m, 620025 / 99715
254,Refuge Giacomini,335, Rodolphe Muller, +41 (0)24 498 22 95, 23x en chambre/Zimmer/room + 35x en dortoir/Schlafraum/dormitory, 1'893 m, 578.683 / 126.351
255,"Prielschutzhaus, Alpenverein TK Linz",336, Michael Heinrich GmbH, +43-7564-20602, 150, 1420 m," 47° 42,293' / 14° 04,925'"
256,Zsigmondyhütte (Rif. Comici),337, Tania und Alex Happacher Tel. +39 0474 646273 oder +39 0474 710358, +390474 710358, 75, 2224 m," N 46 37 42,269 E 12 21 28,317"
257,"Mittellegihütte, Bergführerverein Grindelwald",338, Mirjam Feuz, +41 33 853 03 66, 38, 3355 m, 644759 / 159290
258,Alp Rohr Berggasthaus,339, Angelika Weisser, 081 757 11 39, 22, 1215 m, 2’754’232?/?1’234’902
259,"Monte-Leone-Hütte SAC, CAS Sommartel",340, -, +41 (0) 79 934 97 32, 20, 2848 m, 649'480 / 123'460
260,"Rifugio Saoseo CAS, SAC Bernina",341, Chatrina & Gigi Murtas, +41 81 844 07 66, 68, 1985 m, 806088 / 141926
261,"Glorer Hütte, DAV Sektion Eichstätt",342, Wolfgang Heinz, +43 664 3032200, 48, 2.642 m," N 47° 01' 51"" / E 12° 42' 56"""
262,"Hochleckenhaus, Alpenverein Vöcklabruck",343, Martin Gruber Eva Fahrenberger, +43 660 1173017, 55, 1.572 m, UTM
263,"Jugendbildungsstätte Winterraum, JDAV",344, Florian Bischof & Samuel Levermann, 08324-930113, 8, 857 m, XXX.XXX / YYY.YYY
264,Aljažev Dom,345, PD Dovje Mojstrana, + 386 51 665 738, 96, 1015 m, 46.409026 / 13.843450
265,"Berghaus Alpenrösli, 7246 St. Antönien",347, Markus Zimmerling BEI FRAGEN 081 332 12 18, +41 81 332 12 18, 63, 1776 m, 783'973.60 / 208'090.41
266,"Schalijochbiwak SAC, SAC Basel",348, unbewartet, -, 8, 3786 m, 620950 / 104680
267,"Baltschiederklause SAC, SAC Blümlisalp",349, Jolanda Stettler, +41 79 541 65 75, 71, 2783 m, 634.700 / 138.280
268,"Fromatthütte, SAC Wildhorn",350, Heidi Gempeler, kein Hüttentelefon, 25 (Bei Vollbesetzung enge Platzverhältnisse ! ), 1800 m, 599'550 / 154'930
269,"Schneealpenhaus, Alpenverein Gebirgsverein",353, Thomas Eder Michael Fischer, 03857/2190, 38, 1788m," 47° 41,781'/15° 36,573'"
270,"Falkenhütte, DAV Sektion Oberland",354, Claudia & Robert Rackwitz-Hartmann, -, 138, 1848 m," 47.400031, 11.498835"
271,"Ennstaler Hütte, Alpenverein Steyr",355, Burgi und Ernst Brunnmayr, +43 664 4901737, 65, 1543 m, 475.684 / 5.274.019
272,"Hochschoberhütte, Alpenverein Edelweiss",356, Harry Lucca, 0043 4853 52163, 48, 2322 m, UTM Nord 5.199.422 / Ost 324.850
273,Poštarski dom na Vršiču,357, Benjamin Jelenc, + 386 (0) 41 610 029, 50, 1688m," 46,432414 / 13,747599"
274,Zasavska koča na Prehodavcih,358, Tea Dernovšek, +386 51 614 781, 63, 2071 m," 46,358529 / 13,792261"
275,Koča na Planini pri Jezeru,359, Dušan Habjani?, +386 51 632 738, 80, 1453 m," 46,309708 / 13,827740"
276,Dom Planika pod Triglavom,361, Mira Stiher, +386 51 614 773, 143, 2408 m," 46,371372 / 13,846077"
277,"Clubheim Fälensee, SAC St. Gallen",363, Unbewartete Privathütte SAC St.Gallen, -, 34, 1527 m, 750400 / 235550
278,Pogačnikov dom na Kriških podih,364, Manca Dostal, 04 828 13 00, 88, 2050 m, 46.401965 / 13.800577
279,"Braunschweiger Hütte, DAV Sektion Braunschweig",366, Melanie und Stefan Neurauter, 0043664 2012013, 175, 2.759m," 46° 56? 6? N, 10° 54? 33? E 46.935°, 10.909167°"
280,Vodnikov dom na Velem polju,368, -, +386 4 828 03 04, 78, 1817 m," 46,355914 / 13,761358"
281,"Hildesheimer Hütte, DAV Sektion Hildesheim",369, Anna Kuisle, +43 5254 2300, 70, 2.899 m," 46°57'58.0""N 11°07'08.0""E"
282,"Zapporthütte SAC, SAC Rätia",371, Trutmann Martin, +41816641496, 20, 2276 m, 727.060 / 151.200
283,"Wolfratshauser Hütte, DAV Sektion Wolfratshausen",372, Mathias Lehner, +43 676 5996064, 42, 1752 m," N47,3910 / E010,8488"
284,"Kreuzeckhaus, DAV Sektion Garmisch-Patenkirchen",373, Katrin Rödel & Florian Krempl, +49 8821 2202, 101, 1652 m, 655749 / 5257486
285,"Hollandiahütte SAC, SAC Bern",374, Gisela Teuscher & Sabrina Kaufmann, +41 27 939 11 35, 84, 3238 m, 640'060 / 147'240
286,"Hexenseehütte, DAV Sektion Köln",377, Hangl Anja Kerscher Walter, 054766214, Sommer 22 / Winter 12, 2588," 47° 1′ 7,8″ N , 10° 28′ 52,2″ O"
287,"Mischabeljochbiwak SAC, CAS Genevoise",378, Renaud Marc, +41 (0)79 205 22 52, 24, 3855 m, 633'080 / 102'560
288,"Cabane de Chanrion CAS, CAS Genevoise",379, Sophie Voutaz et Olivier Seidler, +41 27 778 12 09, 55, 2462 m, 595523 / 87513
289,"Arbenbiwak SAC, SAC Zermatt",381, Rinaldo Amacker, +41 79 409 06 44, 15, 3224 m, 617.780 / 97.780
290,"Feichtauhütte, Alpenverein Molln-Steyrtal",383, Gerald Kammerhuber, 0664 7346 5776, 20, 1360 m," 47.801406, 14.317450"
291,"Hochsengsbiwak, Alpenverein Molln-Steyrtal",384, Reinhard EDER, -, 6, 1583 m, 5293324/444244
292,"Neue Fürther Hütte, DAV Sektion Fürth",385, Roland Schett, 0043 (0)7205002620, 82, 2201 m, 47.1654 / 12.4245
293,"Chamanna Coaz CAS, SAC Rätia",386, Ruedi + Ursula Schranz, +41 81 842 62 78, 74, 2610 m, 784.360 / 139.740
294,"Sylvan-Hütte, DAV Sektion Main-Spessart",387, Johannes Kleineberg Mobil +49 151 466 268 64* Ehrenamt! sylvan@dav-main-spessart.de, kein Telefon!, 1, 374 m," 49°54'08"" N / 9°28'45"" E"
295,"Hüfihütte SAC, SAC Pilatus",388, Silvia und Peter Bernhard, +41 41 885 14 75, 32, 2334 m, 705.360 / 184.330
296,"Brixner Hütte, AVS Brixen",389," Simon, Christoph, Magdalena", +39 371 439 08 48, 20, 2282 m," N 46 54 46,561, E 11 37 13,439"
297,"Rudolf Schober Hütte, Alpenverein Stuhlecker",390, Markus Arzberger, +43720513907, 23, 1667 m, 47.252 / 13.974
298,"Chamanna da Boval CAS, SAC Bernina",391, Roberto Costa, +41 81 842 64 03, Sommer, 2495 m, 791151 / 143445
299,Douglasshütte,393, Mariette Schedler, 00436644412378, 144, 1.979 m, (47.059684/9.754765)
300,"Cabane d’Essertze, Ski Club Hérémencia",394, Gardiens bénévoles, +41 79 368 96 08, 25, 2191 m, 594.831 / 110.723
301,"Anhalter Hütte, DAV Sektion Oberer Neckar",395, Sebastian Wolf & Angelika Grünauer, +436606647428, 62 +12, 2040 m," 47° 18′ 5″ N, 10° 40′ 4″ O"
302,Valentinalm,396, -Bruno Neumayr, +436648419950," 9 Zweibettzimmer, 1 Vierbettzimmer, 13 Lagerplätze", 1215 m, 46.6816/13.0097
303,"Etzlihütte SAC, SAC Thurgau",398, Rita & Res Streiff-Arnold, +41 41 820 22 88, 74, 2052, 698089/175050
304,"Capanna Piansecco CAS, CAS Bellinzona e Valli",399, Team Piansecco - CAS Bellinzona e Valli, +41 (0)91 869 12 14, 46, 1982 m, 2679.296 / 1149.764
305,"Badener Hütte, Alpenverein Baden",401, Marco und Verena Steiner, +436649155666, 52, 2608 m, 47.08119 / 12.42568
306,"Preintalerhütte, Alpine Gesellschaft Preintaler",402, Rita und Wolfgang Höflehner, +436641448881, 144, 1656, 410.345/5240.778
307,"Rotondohütte SAC, SAC Lägern",404, Pia Biondi, +41 41 887 16 16, 75, 2571, 680.210 / 155.380
308,"Skihütte Elm, SAC Olten",405, Thomas Jäggin, +41 79 864 79 88, 15, 1745 m, 115.554 Km
309,"Cabane du Carroz, CAS Genevoise",406, Gardien.e.s bénévoles *la cabane est ouverte uniquement les weekends*, -, 22, 1508 m, 498.676/146.813
310,"Priener Hütte, DAV Sektion Prien",407, Rosa und Sebastian Lohrmann, 08057 428, 70, 1410 m," 47°42'07.0""N 12°19'40.0""E"
311,"Adolf Noßberger Hütte, Alpenverein Edelweiss",408, Christian Krüger, 0043 676 49 66 931, 20, 2488 m, UTM Nord 5.202.445 / Ost 331.169
312,"Gollinghütte, Alpine Gesellschaft Preintaler",410, Familie Reiter, +43 676 5336288, 104, 1643m," 47.286423°, 13.769432°"
313,"Rieserfernerhütte, AVS Bozen + Bruneck",412, Martin Nocker, +39/348/7055051, 59, 2798 m," N 46 53 24,071, E 12 04 46,022"
314,"Cabane Balavaux, Ski Club la Rosablanche",413, Christina Stewart, +41 27 306 52 88, 32, 2042 m, 46.157 / 7.278
315,"Kellerjochhütte, Alpenverein Schwaz",415, Claudia & Christian Lorenz, +436506112171, 26, 2237 m, 473167 117647
316,"Almtalerhaus, Alpenverein Wels",416, Tibor Szabo, +436642374442, 59, 714 m," 47.754889°, 14.017944°"
317,"Ski- und Ferienhaus Obergestelen, SAC Sektion Blümlisalp",417, Katrin & Bruno Reiss, +41 (0) 31 921 96 29, 30, 1800 m, 599'517 / 159’444
318,Domžalski dom Test,418, Lojze Ovija?, 031694134, 76, 1534 m, XXX.XXX / YYY.YYY
319,Capanna Poncione di Braga,419," Astrid Lorenzetti Richina (Presidente) Esther Perucchi (Vice-Presidente, responsabile riservazioni + 41 79 221 46 10)", + 41 79 374 36 71, 18, 2003 m, 687.140 / 142.575
320,Mischabelhütte AACZ,420, Maria Anthamatten, +41 (0) 27 957 13 17, 100, 3340 m, 634.811/106.533
321,"Habsburghaus, Alpenverein Gebirgsverein",424, Roland Krieber, 02665 219, 76, 1785 m," 47° 42,795'/ 15° 41,917'"
322,Capanna Tomeo,435, -, 0794852388, 28, 1739 m, 696.196 /135.738
323,"Cabane de la Dent Blanche CAS, CAS Jaman",436, George Zoganas, +41 27 283 10 85, 35, 3507 m, 612.564/096.534
324,"Lamsenjochhütte, DAV Sektion Oberland",437, Katrin Stadler, +43 5244 620 63, 126, 1953 m," 47.380067, 11.603557"
325,"Marteller Hütte, AVS Martell",442," Famiglia Nardelli
www.martellerhuette.com", +39 3355687235, 67, 2610 m," N 46 28 10,703, E 10 40 22,939"
326,"Grialetsch-Hütte SAC, SAC Davos",444, Tanja und Werner Schweizer, +41 81 416 34 36, 58, 2542 m, 2'792'814.500 / 1'176'308.375
327,"Cresta-Biwak SAC, SAC Sektion Saas",445,"
Emanuel Borter
unbewartet / non surveillé / non sorvegliata / unattended", +41 77 401 18 82, 6, 3025 m, 645800/099450
328,"Capanna Alpe Sponda, SAT Chiasso",447, Onorina Rossetti tel. 077.459.12.14, 091 864 23 52, 35, 1997 m, 703.570 / 141.580
329,Koča pod Bogatinom,448, Agata Šmid, 386 (0)4 828 03 05, 52, 1513 m," 46,287727 / 13,763278"
330,Cojzova koča,449, Tomaž Bolcar, +386 8 1615 115, 87, 1793m," 46,34405007 / 14,54691064"
331,Kamniška koča,450, Iztok Kolenc, +3868 16 14 989, 54, 1864," 46,35914565 / 14,59742838"
332,"Neue Traunsteiner Hütte, DAV Sektion Traunstein",452, Jessi und Udo Weidner, 00491714378919, 80, 1560 m, 47°37´41.37``N 12°48`03.34``E
333,"Lämmerenhütte SAC, SAC Angenstein",453, Barbara & Christian Wäfler, +41 27 470 25 15, 90, 2502 m, 610.430 / 138.780
334,"Fusshornbiwak, Alpincenter Belalp",454, Belalp Alpin Center, +41774230808, 8, 2788 m, 643.860 / 140.907
335,"Heidelberger Hütte, DAV Sektion Heidelberg",456, Alois Eiter Bruckfeldweg 7b 6511 Zams, +43-664-4 25 30 70, 136, 2364 m," 46°54,583' / 10°15,567'"
336,Koča pri Triglavskih jezerih,457, Vanja Kobal, +386 40 620 783, 181, 1685, 46.31870282 / 13.77905991
337,Dom na Komni,459, Mateja Zupan, +386 40 620 784, 108, 1520, 46.28439783 / 13.77331939
338,Triglavski dom na Kredarici,460, Herman Uranič, +386 40 620 781, 319, 2515, 46.37892080 / 13.84882992
339,"Karl-Stein-Hütte, DAV Sektion Leipzig",461, Uwe Bechtel, -, 30, 144 m, N 50°57'35.74'/ E 14°3'34.59'
340,"Sillianer Hütte, Alpenverein Sillian",466, Viktoria Maurer Sillian 2d/1 9920 Sillian, +436645323802, 68, 2447müA," 46° 42,368'/12° 24,383'"
341,Alpwirtschaft Tanzboden,467, Michaela Hug und Christoph Tresch, +41 55 283 12 18, 17, 1443 m, X / Y
342,"Kelchalm (Bochumer Hütte), DAV Sektion Bochum",468, Ilona Hultsch, +43 (0)5356 20299, 58, 1432 m," 47°23'12.0""N 12°27'53.0""E"
343,"Sonnschienhütte, Alpenverein Austria",469, Birgit & Markus Heidegger, 06601541450, 61, 1523 m," 47° 35,193′ / 15° 02,340′"
344,Galmihornhütte,472, Sommer , +41 79 432 12 49, 24, 2113 m, 661.750/148.980
345,Cabane de Prafleuri,473, Estelle GABRIEL et Antoine PELLISSIER, +41 27 281 17 80, 59, 2662 m," 46.074749998679216, 7.378838159179622"
346,Burghütte,474," Johannes Andenmatten, Amadeo Rüedi, Raphael Imsand", +41 27 971 40 27, 32, 1750 m, 653.527 / 144.645
347,"Martin-Busch-Hütte, DAV Sektion Berlin",476, Michael und Peter Scheiber, 00436643043151, 90, 2501m, 46° 48′ 4″ N / 10° 53′ 13″ O Koordinaten
348,Capanna Alp da Canaa,477, Patriziato di Lodano, -, 20, 1843 m, 692.275 / 122.715
349,"Capanna Grossalp, UTOE Locarno",478, Daniel Verdon, 0917541680, 30, 1906 m, 679.530 / 129.985
350,Capanna Alpe Nimi,479, Pietro Zanoli, 0041 79 230 48 79, 18, 1718 m, 702.480 / 123.160
351,Rifugio Alpe Masnée,480, Patriziato di Maggia, +41 79 240 08 31, 16, 2063 m, 702.050 / 125.857
352,Rifugio Alpe Spluga,481, Patriziato di Giumaglio, -, 24, 1838 m, 695.550 / 130.080
353,Ostello Fusio,482, Felicitas Tuena, 0041 79 458 00 55, 28, 1289 m," 46°26'39.8""N 8°39'49.4""E"
354,Rifugio Ribia,483, Società Escursionistica Isorno Melezza, -, 12, 1996 m, 685.062 / 122.813
355,Rifugio la Reggia,484, Dino Baccalà, +41 79 337 95 00, 14, 1410 m," 46.28182451, 8.48197944"
356,"Bonn-Matreier-Hütte, Alpenverein Matrei in Osttirol | DAV Sektion Bonn",485, Andreas Rainer, 00436643481006, 44, 2750 m, Längengrad
357,"Sardonahütte SAC, SAC Zindelspitz",486, Helen und Beat Jäger, 081 306 13 88, 44, 2158 m, 739910 / 197680
358,"Tschiervahütte SAC, SAC Bernina",487, Caroline Zimmermann, +41 81 842 63 91, 90, 2583 m, 787725/142090
359,"E.T.-Compton Hütte, Alpenverein Austria",488, -Andreas Spivey Waldschenke 145 9640-Kötschach, +436767506886, 21, 1585m, 5173077/359116
360,"Cabane de Tracuit CAS, CAS Chaussy",494, Anne-Lise Bourgeois et Adrien Theytaz, +41 27 475 15 00, 116, 3256 m, 618.603 / 108.788
361,Hinterbalmhütte,496, Claudia Schnellmann, 076 330 12 48, 34, 1817 müM, 703.850 / 181.830
362,"Steinseehütte, Alpenverein Landeck",497, Manuela Kneringer-Schimpfössl, +43 (0)660 49 17 124, 84, 2061 m, 47°13'34'' N / 10°35'14'' O
363,"Rottalhütte SAC, SAC Interlaken",498, Dölf und Irene Grossniklaus +41 79 546 89 56, +41 33 855 24 45, 34, 2755m, E 638'830 / N 152'875
364,Capanna Dötra,500, Mattia Guerinoni, +41 (0)91 872 11 29, 22, 1749, 710’545 / 154’375
365,"Konstanzer Hütte, DAV Sektion Konstanz",502, Familie Schöpf-Eberhart, +436604592138, 90, 1688 m," 47°04'10.0""N 10°11'20.0""E"
366,"Hofalm, Alpenverein Spital am Pyhrn",503, Ingrid Lindlbauer & Gabriel Povacz, +436803135327, 23, 1305 m, UTM Y (Nord) 5.277.572 / UTM X (Ost) 452.779
367,"Hans Wödlhütte, Alpine Gesellschaft Preintaler",504, Herwig Hutegger, +43 664 / 127 83 35, 64, 1533 m, 410.675 / 5245.950
368,"Kistenpasshütte, Sektion Winterthur",505, Ramona Forrer, +41 79 201 35 13, 14, XXX m, XXX.XXX / YYY.YYY
369,"Taubensteinhaus, DAV Sektion München",507, Michael Reiser, +49-162-6879782, 50, 1567 m, 32T 719643 5282741
370,Capanna Arena,510, Società Escursionistica Isorno Melezza, -, 30, 1689 m, 683.000 / 120.688
371,"Cabane Arpitettaz CAS, CAS La Dôle",511, Bernard Jeangros (intendant), +41 27 475 40 28, 32, 2786 m, 618.609 / 105.517
372,"Bivouac au Col de la Dent Blanche CAS, CAS Jaman",513, Anastasia Skorik, 079 938 74 21, 0, 3'540 m, 46.041898/ 7.607075
373,"Ringelspitzhütte SAC, SAC Rätia",514," Eicher Jasmin, Suozzi Fernando", +41 79 632 24 34, 38, 1998 m, 748.070 / 192.350
374,"Rifugio Pian di Crest, SAV",516, Società Alpinistica Valmaggese, +41 91 755 14 14, 39, 2108 m, 680'630 / 138'280
375,"Rifugio Maria Luisa, CAI Sez. Busto Arsizio",517, Giovanni Maceraudi, +39 324 63086, 70, 2'157 m, 46.43477 / 8.42819
376,Capanna Cimetta,518, Vito Procopio, +41 (0)79 664 54 25, 27, 1671 m, 46.20081 / 8.78858
377,Capanna lo Stallone,519, Elisabeth e Claudio Ranuncoli, +41917436146, 35, 1486 m, 46.198531 / 8.796555
